{
  "train_loss": [
    0.5449274156955962,
    0.4259342870391007,
    0.34819577306720384,
    0.3132696549097697,
    0.29662300202440706,
    0.28435635756939015,
    0.278941015508158,
    0.2689896703611874,
    0.2744207654861694,
    0.274763526540276,
    0.26231268703514804,
    0.2642796477104755,
    0.2688685393502526,
    0.2570934260779239,
    0.2714604692044833,
    0.2626995566888904,
    0.2680756468722161,
    0.2627638064800425,
    0.2649385636368542,
    0.2610318063632816,
    0.26418131949208307,
    0.2652410110260578,
    0.2676717165514087,
    0.26847656240277257,
    0.2661570798843465
  ],
  "train_acc": [
    0.8187056737588653,
    0.8457446808510638,
    0.9197695035460993,
    0.9406028368794326,
    0.9521276595744681,
    0.9534574468085106,
    0.9574468085106383,
    0.961436170212766,
    0.9534574468085106,
    0.961436170212766,
    0.9663120567375887,
    0.964095744680851,
    0.9596631205673759,
    0.9685283687943262,
    0.9578900709219859,
    0.9627659574468085,
    0.962322695035461,
    0.9663120567375887,
    0.9605496453900709,
    0.9654255319148937,
    0.961436170212766,
    0.962322695035461,
    0.9601063829787234,
    0.9601063829787234,
    0.9596631205673759
  ],
  "val_loss": [
    0.44571557846562615,
    0.33234470671620864,
    0.2777879186745348,
    0.254168589567316,
    0.24306104974500065,
    0.24156207565603585,
    0.24055864225173818,
    0.23459314477854762,
    0.23341194668720508,
    0.23054337604292507,
    0.2322883107538881,
    0.23209413012553906,
    0.2296633581663,
    0.23021528124809265,
    0.22772442164092227,
    0.23194673143584152,
    0.2274191790613635,
    0.2277557777947393,
    0.22665915304216847,
    0.23008975694919453,
    0.2326271955309243,
    0.23260267284409752,
    0.22895359633297757,
    0.22663572687527228,
    0.22818044136310445
  ],
  "val_acc": [
    0.8292682926829268,
    0.9090909090909091,
    0.9778270509977827,
    0.9800443458980045,
    0.9844789356984479,
    0.9778270509977827,
    0.975609756097561,
    0.9844789356984479,
    0.9800443458980045,
    0.9800443458980045,
    0.9778270509977827,
    0.9822616407982262,
    0.9844789356984479,
    0.9822616407982262,
    0.9822616407982262,
    0.9844789356984479,
    0.9800443458980045,
    0.9844789356984479,
    0.9866962305986696,
    0.9844789356984479,
    0.9800443458980045,
    0.9778270509977827,
    0.9844789356984479,
    0.9844789356984479,
    0.9866962305986696
  ],
  "val_sensitivity": [
    1.0,
    1.0,
    0.9973262032085561,
    0.9866310160427807,
    0.9919786096256684,
    0.983957219251337,
    0.983957219251337,
    0.9893048128342246,
    0.9866310160427807,
    0.983957219251337,
    0.9812834224598931,
    0.9893048128342246,
    0.9946524064171123,
    0.9866310160427807,
    0.9893048128342246,
    0.9893048128342246,
    0.9893048128342246,
    0.9946524064171123,
    0.9919786096256684,
    0.9973262032085561,
    0.983957219251337,
    0.9812834224598931,
    0.9893048128342246,
    0.9893048128342246,
    0.9893048128342246
  ],
  "val_specificity": [
    0.0,
    0.4675324675324675,
    0.8831168831168831,
    0.948051948051948,
    0.948051948051948,
    0.948051948051948,
    0.935064935064935,
    0.961038961038961,
    0.948051948051948,
    0.961038961038961,
    0.961038961038961,
    0.948051948051948,
    0.935064935064935,
    0.961038961038961,
    0.948051948051948,
    0.961038961038961,
    0.935064935064935,
    0.935064935064935,
    0.961038961038961,
    0.922077922077922,
    0.961038961038961,
    0.961038961038961,
    0.961038961038961,
    0.961038961038961,
    0.974025974025974
  ]
}